Image,searchbannerwrap_URL,searchbannerwrap,searchbannerwrap1,Date,Image2,searchbannerwrap_URL3,searchbannerwrap4,searchbannerwrap5,Date6
https://cf-templates-1gyolugg9zn9q-ap-northeast-2.s3.ap-northeast-2.amazonaws.com/store/b67b53b2%2C3ded%2C4a63%2Cada2%2C3603a2a56760,https://popply.co.kr/popup/787,선데이플래닛47 팝업스토어, 경기도 하남시,23.10.14 - 23.10.31,https://cf-templates-1gyolugg9zn9q-ap-northeast-2.s3.ap-northeast-2.amazonaws.com/store/4fc4a082%2Ccaa8%2C4ee5%2C83d7%2Ce10f8e107b59,https://popply.co.kr/popup/734, 빼빼로월드 팝업스토어, 의왕 바라산로,23.10.16 - 23.10.29
https://cf-templates-1gyolugg9zn9q-ap-northeast-2.s3.ap-northeast-2.amazonaws.com/store/3d5b03a7%2Cdc4a%2C44ac%2Cbce3%2C27d13062ce8f,https://popply.co.kr/popup/653,슬로우 스테이션 스타필드 고양, 고양 덕양구,23.10.19 - 23.10.31,https://cf-templates-1gyolugg9zn9q-ap-northeast-2.s3.ap-northeast-2.amazonaws.com/store/e97017b2%2Ca0a2%2C4ccc%2C8d15%2C1f89f9885e79,https://popply.co.kr/popup/575,메종본뉘 팝업스토어, 성남 분당구,23.09.30 - 23.10.05
https://cf-templates-1gyolugg9zn9q-ap-northeast-2.s3.ap-northeast-2.amazonaws.com/store/199355c8%2Ca9a1%2C4b1d%2Cbdc2%2C0da927b0b1f1,https://popply.co.kr/popup/2240,캉골키즈 아이코닉 팝업스토어, 경기도 성남시,24.09.06 - 24.09.22,https://cf-templates-1gyolugg9zn9q-ap-northeast-2.s3.ap-northeast-2.amazonaws.com/store/f8f7af39%2Cec64%2C47ba%2C8907%2Cf3a1873426e6,https://popply.co.kr/popup/2165,세인트존스호텔 팝업스토어 <세인트존스랜드>, 경기도 성남시,24.08.30 - 24.09.05
https://cf-templates-1gyolugg9zn9q-ap-northeast-2.s3.ap-northeast-2.amazonaws.com/store/773dd07c%2Ca199%2C42eb%2C815f%2C569cbe7873bd,https://popply.co.kr/popup/2159,테디테일즈 판교 팝업스토어, 경기도 성남시,24.09.06 - 24.09.19,https://cf-templates-1gyolugg9zn9q-ap-northeast-2.s3.ap-northeast-2.amazonaws.com/store/10162da0%2C00a7%2C445e%2Ca734%2C9eaf1dc394fd,https://popply.co.kr/popup/2138,감자아일랜드 상륙작전 in 수원 팝업스토어, 경기도 수원시,24.08.16 - 24.08.29
https://cf-templates-1gyolugg9zn9q-ap-northeast-2.s3.ap-northeast-2.amazonaws.com/store/11ad4404%2Cf96b%2C481d%2C8efb%2C86b6c1fc1419,https://popply.co.kr/popup/2120,아르디움 팝업스토어, 경기도 파주시,24.08.17 - 24.09.18,https://cf-templates-1gyolugg9zn9q-ap-northeast-2.s3.ap-northeast-2.amazonaws.com/store/c265e18f%2Cafec%2C42a7%2C980b%2C2edf8d0321f7,https://popply.co.kr/popup/2111,밀리밤 팝업스토어, 경기도 수원시,24.08.23 - 24.08.25
https://cf-templates-1gyolugg9zn9q-ap-northeast-2.s3.ap-northeast-2.amazonaws.com/store/bb5e8aef%2Cca88%2C485e%2C80bf%2Cebb48b994404,https://popply.co.kr/popup/2108,샤크 뷰티 팝업스토어, 경기도 성남시,24.08.20 - 24.09.08,https://cf-templates-1gyolugg9zn9q-ap-northeast-2.s3.ap-northeast-2.amazonaws.com/store/313c5653%2Cda68%2C4675%2C95aa%2C2c0080345b9e,https://popply.co.kr/popup/2087,"요모도모 팝업 전시회 <나의 쬐꼬만 여름, 한스푼!>", 경기도 고양시,24.07.31 - 24.08.25
https://cf-templates-1gyolugg9zn9q-ap-northeast-2.s3.ap-northeast-2.amazonaws.com/store/932d7d82%2Cfefb%2C4cec%2Cb15f%2C3a21d96a5e70,https://popply.co.kr/popup/2080,50주년 기념 한국민속촌 x 피코크 팝업스토어, 경기도 용인시,24.08.15 - 24.09.22,https://cf-templates-1gyolugg9zn9q-ap-northeast-2.s3.ap-northeast-2.amazonaws.com/store/c0e1900b%2C1fcc%2C44bf%2Cb8cf%2C77860bd0bb32,https://popply.co.kr/popup/2056,코렐 듀라나노 팝업스토어 in 하남 스타필드, 경기도 하남시,24.08.16 - 24.08.29
https://cf-templates-1gyolugg9zn9q-ap-northeast-2.s3.ap-northeast-2.amazonaws.com/store/4be97bcc%2Cfab2%2C4822%2C91a2%2C0f4bf8043b8d,https://popply.co.kr/popup/2018,텐바이텐 팝업스토어 in 현대백화점 판교점, 경기도 성남시,24.08.02 - 24.08.14,https://cf-templates-1gyolugg9zn9q-ap-northeast-2.s3.ap-northeast-2.amazonaws.com/store/ba407aec%2C601d%2C47d3%2Cb90e%2Cd77d4ae77a8a,https://popply.co.kr/popup/2016,악역의 엔딩은 죽음뿐 팝업스토어, 경기도 하남시,24.08.09 - 24.08.22
https://cf-templates-1gyolugg9zn9q-ap-northeast-2.s3.ap-northeast-2.amazonaws.com/store/ef2d5c3b%2C5ebf%2C4475%2C826a%2C6c6b44b41a0d,https://popply.co.kr/popup/2015,하츠네 미쿠 팝업스토어, 경기도 하남시,24.08.09 - 24.08.22,https://cf-templates-1gyolugg9zn9q-ap-northeast-2.s3.ap-northeast-2.amazonaws.com/store/1527a4dd%2Ca220%2C4f98%2C90e2%2C76828d4922ac,https://popply.co.kr/popup/2011,미니언즈x하울팟 펫 팝업스토어 분당점, 경기도 성남시,24.08.03 - 24.09.02
https://cf-templates-1gyolugg9zn9q-ap-northeast-2.s3.ap-northeast-2.amazonaws.com/store/6599fcda%2Ced2c%2C4cde%2C8bcf%2C2c0632781d1e,https://popply.co.kr/popup/2010,미니언즈x하울팟 펫 팝업스토어 위례점, 경기도 성남시,24.08.03 - 24.09.02,https://cf-templates-1gyolugg9zn9q-ap-northeast-2.s3.ap-northeast-2.amazonaws.com/store/7179eded%2C350f%2C4bb5%2Cb37b%2Cbc28dae6b343,https://popply.co.kr/popup/2005,쿠첸 팝업스토어 미토피아 페스티밥 in 하남, 경기도 하남시,24.08.21 - 24.09.11
https://cf-templates-1gyolugg9zn9q-ap-northeast-2.s3.ap-northeast-2.amazonaws.com/store/6d4ddd8f%2C9005%2C45d3%2C8624%2C1c1844788ed5,https://popply.co.kr/popup/2004,쿠첸 팝업스토어 미토피아 페스티밥 in 고양, 경기도 고양시,24.08.06 - 24.08.19,https://cf-templates-1gyolugg9zn9q-ap-northeast-2.s3.ap-northeast-2.amazonaws.com/store/17304387%2C4e17%2C43b2%2C80a2%2Cdd712da5b04c,https://popply.co.kr/popup/2002,오둥이의 아르바이트 수원 팝업스토어, 경기도 수원시,24.08.02 - 24.08.22
https://cf-templates-1gyolugg9zn9q-ap-northeast-2.s3.ap-northeast-2.amazonaws.com/store/7553c4bd%2Cedc8%2C413f%2Ca291%2C84a4d75e4268,https://popply.co.kr/popup/1978,쎄시 시드르 판교 팝업스토어, 경기도 성남시,24.07.23 - 24.08.04,https://cf-templates-1gyolugg9zn9q-ap-northeast-2.s3.ap-northeast-2.amazonaws.com/store/80cbf3b9%2C3e64%2C4d23%2Cbc9f%2C41d1076cac5d,https://popply.co.kr/popup/1976,도담찰옥수수 팝업스토어, 경기도 양평군,24.07.31 - 24.08.02
https://cf-templates-1gyolugg9zn9q-ap-northeast-2.s3.ap-northeast-2.amazonaws.com/store/c695ac28%2C547e%2C420d%2C828b%2C45e80ea25e6b,https://popply.co.kr/popup/1961,명탐정 코난: 100만 달러의 펜타그램 BIAF 팝업스토어, 경기도 부천시,24.08.01 - 24.08.11,https://cf-templates-1gyolugg9zn9q-ap-northeast-2.s3.ap-northeast-2.amazonaws.com/store/b3662177%2C51c3%2C41f8%2Cb2cb%2C5bd1fca063d7,https://popply.co.kr/popup/1959,미니언즈 팝업스토어 in판교 현대백화점, 경기도 성남시,24.08.02 - 24.08.15
https://cf-templates-1gyolugg9zn9q-ap-northeast-2.s3.ap-northeast-2.amazonaws.com/store/f24b2ca9%2C061a%2C4bb4%2C8e68%2C63d9749be3c2,https://popply.co.kr/popup/1951,신한 SOL페이 팝업스토어 SOL로 탈출, 경기도 하남시,24.07.19 - 24.07.21,https://cf-templates-1gyolugg9zn9q-ap-northeast-2.s3.ap-northeast-2.amazonaws.com/store/d3e48b05%2C654f%2C4dd9%2Caf76%2C628425cebf16,https://popply.co.kr/popup/1939,카누 하남 팝업스토어 <그랜드 카누 호텔>, 경기도 하남시,24.08.02 - 24.08.19
https://cf-templates-1gyolugg9zn9q-ap-northeast-2.s3.ap-northeast-2.amazonaws.com/store/ceb8d13e%2Cf271%2C4fcd%2C80f3%2Cdac66f3a9126,https://popply.co.kr/popup/1938,카누 고양 팝업스토어 <그랜드 카누 호텔>, 경기도 고양시,24.07.16 - 24.07.25,https://cf-templates-1gyolugg9zn9q-ap-northeast-2.s3.ap-northeast-2.amazonaws.com/store/d04d2238%2Ca324%2C418a%2Ca922%2C550e7a0af908,https://popply.co.kr/popup/1931,주니토니 팝업스토어 in 판교, 경기도 성남시,24.08.05 - 24.08.15
https://cf-templates-1gyolugg9zn9q-ap-northeast-2.s3.ap-northeast-2.amazonaws.com/store/436468cd%2C591e%2C4ef4%2Cbabb%2Caadc81709e1c,https://popply.co.kr/popup/1900,센티 SUMMER CLUB 팝업스토어, 경기도 성남시,24.07.12 - 24.07.28,https://cf-templates-1gyolugg9zn9q-ap-northeast-2.s3.ap-northeast-2.amazonaws.com/store/9f15e927%2C3e7c%2C4794%2Cbe73%2Cd1e74004c83e,https://popply.co.kr/popup/1885,푸디버디 팜 팩토리 팝업스토어, 경기도 하남시,24.07.11 - 24.07.31
https://cf-templates-1gyolugg9zn9q-ap-northeast-2.s3.ap-northeast-2.amazonaws.com/store/ac5b1684%2C8839%2C414d%2Cbb63%2Ce162dde909c9,https://popply.co.kr/popup/1881,멍템 팝업스토어, 경기도 수원시,24.07.05 - 24.07.11,https://cf-templates-1gyolugg9zn9q-ap-northeast-2.s3.ap-northeast-2.amazonaws.com/store/208f1843%2C5d2b%2C46aa%2C853e%2Cac47b00bbf05,https://popply.co.kr/popup/1860,마녀공장 X 미니언즈 수원 팝업스토어, 경기도 수원시,24.07.19 - 24.08.01
https://cf-templates-1gyolugg9zn9q-ap-northeast-2.s3.ap-northeast-2.amazonaws.com/store/c8f4a91e%2C70a0%2C4011%2Ca0de%2C21a1a1bc054a,https://popply.co.kr/popup/1855,2024 고양 스타트업 팝업스토어, 경기도 고양시,24.07.04 - 24.07.07,https://cf-templates-1gyolugg9zn9q-ap-northeast-2.s3.ap-northeast-2.amazonaws.com/store/ca0a092a%2Ce5a3%2C4df1%2C906a%2Cb4b115f8a115,https://popply.co.kr/popup/1832,꼬따꼬뜨플래닛 X 애니랜드 팝업스토어, 경기도 수원시,24.06.28 - 24.07.14
https://cf-templates-1gyolugg9zn9q-ap-northeast-2.s3.ap-northeast-2.amazonaws.com/store/c85be4b6%2C5e5d%2C46e0%2Cb0ed%2C9dff8423ba0f,https://popply.co.kr/popup/1827,링티수분연구소 팝업스토어, 경기도 수원시,24.06.28 - 24.07.11,https://cf-templates-1gyolugg9zn9q-ap-northeast-2.s3.ap-northeast-2.amazonaws.com/store/9593b9b7%2Ce315%2C4ef0%2C90f6%2C71147229c251,https://popply.co.kr/popup/1800,개울 팝업스토어, 경기도 수원시,24.01.24 - 24.08.31
https://cf-templates-1gyolugg9zn9q-ap-northeast-2.s3.ap-northeast-2.amazonaws.com/store/26c06581%2Cde3b%2C48f2%2Cb86b%2C07eff8300575,https://popply.co.kr/popup/1767,RIIZE X EVERLINE 팝업스토어, 경기도 수원시,24.06.14 - 24.06.23,https://cf-templates-1gyolugg9zn9q-ap-northeast-2.s3.ap-northeast-2.amazonaws.com/store/a0206ae0%2C04a5%2C4a4d%2C99bc%2C3a015cd636b6,https://popply.co.kr/popup/1733,미쏘 썸머 바캉스 팝업 <MIXXO in Bali>, 경기도 부천시,24.06.10 - 24.06.30
https://cf-templates-1gyolugg9zn9q-ap-northeast-2.s3.ap-northeast-2.amazonaws.com/store/2c6f0392%2C3d17%2C4733%2C87b6%2Ceff08d7b8c48,https://popply.co.kr/popup/1720,샤또닥스 팝업스토어, 경기도 성남시,24.06.03 - 24.06.23,https://cf-templates-1gyolugg9zn9q-ap-northeast-2.s3.ap-northeast-2.amazonaws.com/store/c26ff287%2C443b%2C46c9%2C9a86%2C304ae5ac76bd,https://popply.co.kr/popup/1711,소니엔젤 20주년 팝업스토어 in 스타필드 수원, 경기도 수원시,24.05.23 - 24.06.10
https://cf-templates-1gyolugg9zn9q-ap-northeast-2.s3.ap-northeast-2.amazonaws.com/store/b9fdc70a%2C48b4%2C41a4%2Caf34%2C752fc362b720,https://popply.co.kr/popup/1707,키키쿼카 팝업 <키키 아일랜드>, 경기도 수원시,24.05.31 - 24.06.20,https://cf-templates-1gyolugg9zn9q-ap-northeast-2.s3.ap-northeast-2.amazonaws.com/store/7e930c94%2C607a%2C48fe%2C988f%2C5f6fb1cdf92b,https://popply.co.kr/popup/1703,시시호시 X 펀더멘탈브루잉 팝업스토어, 경기도 수원시,24.05.30 - 24.06.09
https://cf-templates-1gyolugg9zn9q-ap-northeast-2.s3.ap-northeast-2.amazonaws.com/store/7d1a1795%2Cb609%2C4c58%2Ca1e6%2Cf7ba2d095081,https://popply.co.kr/popup/1702,헌터 썸머 레인 부츠 페스타 팝업, 경기도 파주시,24.05.31 - 24.07.28,https://cf-templates-1gyolugg9zn9q-ap-northeast-2.s3.ap-northeast-2.amazonaws.com/store/d7ff2aeb%2C21d2%2C4fb9%2C8312%2Ce0c460016254,https://popply.co.kr/popup/1662,버미큘라 팝업스토어, 경기도 성남시,24.05.23 - 24.06.02
https://cf-templates-1gyolugg9zn9q-ap-northeast-2.s3.ap-northeast-2.amazonaws.com/store/26720095%2Cd63f%2C4c52%2C83e5%2C0444d9f0e77c,https://popply.co.kr/popup/1632,햄토리x모루카 피크닉파티 팝업스토어, 경기도 수원시,24.05.24 - 24.05.30,https://cf-templates-1gyolugg9zn9q-ap-northeast-2.s3.ap-northeast-2.amazonaws.com/store/be687907%2C0e5f%2C4ae7%2C8e27%2C1a8dacceb52a,https://popply.co.kr/popup/1580,COLORED KEYTH X 더현대 판교 팝업스토어, 경기도 성남시,24.05.10 - 24.05.19
https://cf-templates-1gyolugg9zn9q-ap-northeast-2.s3.ap-northeast-2.amazonaws.com/store/bdfa6e5a%2C78a0%2C4950%2C8c39%2C18d050cc053f,https://popply.co.kr/popup/1577,리델샵 팝업스토어, 경기도 성남시,24.05.03 - 24.05.09,https://cf-templates-1gyolugg9zn9q-ap-northeast-2.s3.ap-northeast-2.amazonaws.com/store/33c2d6a2%2C6d8b%2C4a40%2Cbbd1%2C168dcbe58b30,https://popply.co.kr/popup/1566,잔망루피 잔망라이프 팝업스토어, 경기도 부천시,24.05.01 - 24.05.15
https://cf-templates-1gyolugg9zn9q-ap-northeast-2.s3.ap-northeast-2.amazonaws.com/store/c365ff4a%2C1ae1%2C4841%2Ca274%2C8db2a96c8bd1,https://popply.co.kr/popup/1560,브라운브레스 팝업 in 동탄, 경기도 화성시,24.04.26 - 24.05.05,https://cf-templates-1gyolugg9zn9q-ap-northeast-2.s3.ap-northeast-2.amazonaws.com/store/b8c372c6%2C8f85%2C4758%2C96aa%2C931115097e2d,https://popply.co.kr/popup/1557,실바니안패밀리 팝업스토어 <프레야의 선물 특별전>, 경기도 수원시,24.04.25 - 24.05.06
https://cf-templates-1gyolugg9zn9q-ap-northeast-2.s3.ap-northeast-2.amazonaws.com/store/1eb7e810%2C91aa%2C4485%2C8eb5%2Cf5bb7ed66425,https://popply.co.kr/popup/1555,르봉백 팝업스토어, 경기도 성남시,24.05.03 - 24.05.09,https://cf-templates-1gyolugg9zn9q-ap-northeast-2.s3.ap-northeast-2.amazonaws.com/store/a1d6170d%2Cf1f7%2C4224%2C8149%2C8e18279ada8d,https://popply.co.kr/popup/1535,바이컬러 팝업스토어, 경기도 수원시,24.04.19 - 24.04.30
https://cf-templates-1gyolugg9zn9q-ap-northeast-2.s3.ap-northeast-2.amazonaws.com/store/1566b9b2%2Ca625%2C4e74%2C84ee%2C30b10631d750,https://popply.co.kr/popup/1506,포켓몬 팝업스토어 in 수원, 경기도 수원시,24.04.25 - 24.05.09,https://cf-templates-1gyolugg9zn9q-ap-northeast-2.s3.ap-northeast-2.amazonaws.com/store/4837b2ce%2C7b10%2C4f1b%2Cb1ed%2Cd994ba750a9d,https://popply.co.kr/popup/1453, T.C.P X 현대백화점 팝업스토어, 경기도 부천시,24.04.12 - 24.04.25
https://cf-templates-1gyolugg9zn9q-ap-northeast-2.s3.ap-northeast-2.amazonaws.com/store/e959c267%2Ca0b0%2C4635%2C8beb%2C66cd06016043,https://popply.co.kr/popup/1448,BETTER FINGER 팝업스토어, 경기도 수원시,24.04.05 - 24.04.18,https://cf-templates-1gyolugg9zn9q-ap-northeast-2.s3.ap-northeast-2.amazonaws.com/store/217e7f29%2C55f7%2C478c%2C9df1%2Cd61716a27098,https://popply.co.kr/popup/1446,나르왈 바닥연구소 팝업스토어, 경기도 하남시,24.04.11 - 24.04.16
https://cf-templates-1gyolugg9zn9q-ap-northeast-2.s3.ap-northeast-2.amazonaws.com/store/9ffc03b5%2C0d85%2C427f%2C885a%2C31f8a1757f9c,https://popply.co.kr/popup/1365,노랑풍선 팝업스토어 <YOU LOVE> , 경기도 의왕시,24.02.23 - 24.03.03,https://cf-templates-1gyolugg9zn9q-ap-northeast-2.s3.ap-northeast-2.amazonaws.com/store/78423473%2Cf081%2C4372%2Cbeb6%2C4b14bb0f6b5e,https://popply.co.kr/popup/1344,ZANMANG FOREST POP-UP STORE, 경기도 수원시,24.02.23 - 24.03.21
https://cf-templates-1gyolugg9zn9q-ap-northeast-2.s3.ap-northeast-2.amazonaws.com/store/e160402a%2Cf9af%2C4540%2Ca414%2Ce2a8a53d9e84,https://popply.co.kr/popup/1336,헤이딜러 HEY LITTLE 팝업스토어, 경기도 하남시,24.02.21 - 24.03.10,https://cf-templates-1gyolugg9zn9q-ap-northeast-2.s3.ap-northeast-2.amazonaws.com/store/19ec003a%2Cbb66%2C4ee0%2Ca56c%2C7c466b3f551d,https://popply.co.kr/popup/1330,키디키디 팝업스토어, 경기도 성남시,24.02.19 - 24.03.03
https://cf-templates-1gyolugg9zn9q-ap-northeast-2.s3.ap-northeast-2.amazonaws.com/store/1f5bba5b%2C900c%2C4b1e%2C928a%2C7b988793c3fe,https://popply.co.kr/popup/1329,풋볼스탠다드 팝업스토어, 경기도 의왕시,24.01.26 - 24.02.18,https://cf-templates-1gyolugg9zn9q-ap-northeast-2.s3.ap-northeast-2.amazonaws.com/store/c1664836%2C0f4b%2C457f%2C8bff%2C2bae06e5089a,https://popply.co.kr/popup/1327,빈센트반곰흐 팝업스토어, 경기도 성남시,24.02.11 - 24.02.22
https://cf-templates-1gyolugg9zn9q-ap-northeast-2.s3.ap-northeast-2.amazonaws.com/store/c3211a03%2Cb576%2C4b6c%2C809d%2Cbe8ebb71c8f0,https://popply.co.kr/popup/1301,린트 린도 팝업스토어, 경기도 시흥시,24.02.02 - 24.02.25,https://cf-templates-1gyolugg9zn9q-ap-northeast-2.s3.ap-northeast-2.amazonaws.com/store/b4b06d5b%2Cb36c%2C403c%2Cb3ce%2C49ecb37cc42b,https://popply.co.kr/popup/1291,"오레오 팝업스토어 : Love, OREO", 경기도 하남시,24.02.02 - 24.02.15
https://cf-templates-1gyolugg9zn9q-ap-northeast-2.s3.ap-northeast-2.amazonaws.com/store/8c5e7ad5%2Ccaf0%2C4671%2Cb5a2%2Cfb6856d2921b,https://popply.co.kr/popup/1289,브롤스타즈 팝업스토어, 경기도 수원시,24.01.26 - 24.02.15,https://cf-templates-1gyolugg9zn9q-ap-northeast-2.s3.ap-northeast-2.amazonaws.com/store/f3257a14%2Cd592%2C402a%2Cbe4b%2C9ec72fda2753,https://popply.co.kr/popup/1235,올리베 팝업스토어, 경기도 성남시,24.01.26 - 24.02.01
https://cf-templates-1gyolugg9zn9q-ap-northeast-2.s3.ap-northeast-2.amazonaws.com/store/bf573511%2Ca7e0%2C418e%2C88c1%2Cb08348a84ea3,https://popply.co.kr/popup/1061,위자드몰 팝업스토어, 경기도 성남시,23.12.11 - 23.12.31,https://cf-templates-1gyolugg9zn9q-ap-northeast-2.s3.ap-northeast-2.amazonaws.com/store/2cfac1d9%2C8609%2C44ba%2C8878%2C723c2c7d4891,https://popply.co.kr/popup/1035,경기로 9393 팝업스토어, 서울특별시 성동구,23.12.15 - 23.12.28
https://cf-templates-1gyolugg9zn9q-ap-northeast-2.s3.ap-northeast-2.amazonaws.com/store/eb68c44d%2C9272%2C4b27%2C8da2%2Cd087ed1ef02e,https://popply.co.kr/popup/929,한맥 팝업스토어 <거품도원> in 스타필드 하남, 경기도 하남시,23.12.01 - 23.12.03,https://cf-templates-1gyolugg9zn9q-ap-northeast-2.s3.ap-northeast-2.amazonaws.com/store/e0fc3071%2Ce658%2C4fb6%2C80ca%2C7c28a458abd1,https://popply.co.kr/popup/928,한맥 팝업스토어 <거품도원> in 스타필드 고양, 경기도 고양시,23.12.08 - 23.12.10
https://cf-templates-1gyolugg9zn9q-ap-northeast-2.s3.ap-northeast-2.amazonaws.com/store/03aab12f%2Cf2d8%2C4ada%2Ca672%2Cb1ff99b03ba7,https://popply.co.kr/popup/925,플러피 페스티벌 팝업스토어 in 롯데백화점 수원점, 경기도 수원시,23.11.24 - 23.12.10,https://cf-templates-1gyolugg9zn9q-ap-northeast-2.s3.ap-northeast-2.amazonaws.com/store/923077ac%2Cf9c3%2C4f79%2C89ce%2C77b602371935,https://popply.co.kr/popup/905,안성탕면 팝업스토어 in 스타필드 안성, 경기도 안성시,23.11.11 - 23.11.19
https://cf-templates-1gyolugg9zn9q-ap-northeast-2.s3.ap-northeast-2.amazonaws.com/store/6891e8b6%2C6c17%2C4ea4%2Ca5fd%2C328ec0a462a3,https://popply.co.kr/popup/894,코텔로(kotelo) 팝업스토어, 경기도 성남시,23.10.30 - 23.11.12,https://cf-templates-1gyolugg9zn9q-ap-northeast-2.s3.ap-northeast-2.amazonaws.com/store/9d9f9677%2Cd918%2C468a%2Ca5a8%2C4fa7d1b28807,https://popply.co.kr/popup/789,에잇세컨즈X바오패밀리, 경기도 성남시,23.11.10 - 23.11.23
